﻿<?xml version="1.0" encoding="utf-8" ?>
<localizationDictionary culture="zh-CN">
  <texts>
    <text name="TaskSystem" value="任务管理" />
    <text name="TaskList" value="任务列表" />
    <text name="NewTask" value="新任务" />
    <text name="Xtasks" value="{0}个任务" />
    <text name="AllTasks" value="全部任务" />
    <text name="ActiveTasks" value="活动任务" />
    <text name="CompletedTasks" value="已完成任务" />
    <text name="TaskDescription" value="任务描述" />
    <text name="EnterDescriptionHere" value="任务描述" />
    <text name="AssignTo" value="指派给" />
    <text name="SelectPerson" value="选择人员" />
    <text name="CreateTheTask" value="任务创建中" />
    <text name="TaskUpdatedMessage" value="任务已修改成功." />
    <text name="TaskCreatedMessage" value="任务{0}已创建成功." />
  </texts>
</localizationDictionary>